{
  "losses": [
    1.008568062057978,
    0.9996800490572483,
    0.9665711001504825,
    0.8269100181664093,
    0.6594676647005202,
    0.45655771410917934,
    0.3924177975594243,
    0.3778771131853514,
    0.3681213418139687,
    0.36173257382610174,
    0.3556162896035593,
    0.35195121357712567,
    0.34566646173030513,
    0.3398687058611761,
    0.33513112875479684,
    0.32975157340870626,
    0.32417492511906204,
    0.3184843534910226,
    0.31302181150339825,
    0.3069732732410672,
    0.30180574595173704,
    0.29737271575988095,
    0.29215063286733023,
    0.2876408220846442,
    0.28360575777065905,
    0.2796497552455226,
    0.2748752507982375,
    0.272778330347206,
    0.26995352174662335,
    0.26704706874074813
  ],
  "metrics": {
    "both": {
      "optimistic": {
        "adjusted_arithmetic_mean_rank": 0.8223042006716947,
        "adjusted_arithmetic_mean_rank_index": 0.17769952516230825,
        "adjusted_geometric_mean_rank_index": 0.5725291576732123,
        "adjusted_hits_at_k": 0.018289451528053568,
        "adjusted_inverse_harmonic_mean_rank": 0.010358475844555345,
        "arithmetic_mean_rank": 39218.8878746594,
        "count": 7340.0,
        "geometric_mean_rank": 15002.940715814702,
        "harmonic_mean_rank": 95.38870324304628,
        "hits_at_1": 0.005722070844686649,
        "hits_at_10": 0.018392370572207085,
        "hits_at_3": 0.010354223433242507,
        "hits_at_5": 0.014168937329700272,
        "inverse_arithmetic_mean_rank": 2.5497918329451982e-05,
        "inverse_geometric_mean_rank": 6.665359938041302e-05,
        "inverse_harmonic_mean_rank": 0.01048342168413846,
        "inverse_median_rank": 2.912352744164373e-05,
        "median_absolute_deviation": 42429.11028919332,
        "median_rank": 34336.5,
        "standard_deviation": 31587.229191059014,
        "variance": 997753047.9684906,
        "z_arithmetic_mean_rank": 26.36878535982497,
        "z_geometric_mean_rank": 49.0738036848189,
        "z_hits_at_k": 153.02761245201108,
        "z_inverse_harmonic_mean_rank": 213.77693985058715
      },
      "pessimistic": {
        "adjusted_arithmetic_mean_rank": 0.822304226380606,
        "adjusted_arithmetic_mean_rank_index": 0.1776994994528579,
        "adjusted_geometric_mean_rank_index": 0.5725291018068154,
        "adjusted_hits_at_k": 0.018289451528053568,
        "adjusted_inverse_harmonic_mean_rank": 0.010358475786608395,
        "arithmetic_mean_rank": 39218.88910081744,
        "count": 7340.0,
        "geometric_mean_rank": 15002.942676426497,
        "harmonic_mean_rank": 95.38870377023929,
        "hits_at_1": 0.005722070844686649,
        "hits_at_10": 0.018392370572207085,
        "hits_at_3": 0.010354223433242507,
        "hits_at_5": 0.014168937329700272,
        "inverse_arithmetic_mean_rank": 2.549791753227291e-05,
        "inverse_geometric_mean_rank": 6.66535906699996e-05,
        "inverse_harmonic_mean_rank": 0.010483421626198825,
        "inverse_median_rank": 2.912352744164373e-05,
        "median_absolute_deviation": 42429.11028919332,
        "median_rank": 34336.5,
        "standard_deviation": 31587.229179208705,
        "variance": 997753047.2198539,
        "z_arithmetic_mean_rank": 26.368781544806453,
        "z_geometric_mean_rank": 49.073798896282696,
        "z_hits_at_k": 153.02761245201108,
        "z_inverse_harmonic_mean_rank": 213.77693865468518
      },
      "realistic": {
        "adjusted_arithmetic_mean_rank": 0.8223042583382109,
        "adjusted_arithmetic_mean_rank_index": 0.17769946749458299,
        "adjusted_geometric_mean_rank_index": 0.572528915387432,
        "adjusted_hits_at_k": 0.018289451528053568,
        "adjusted_inverse_harmonic_mean_rank": 0.01035847647710756,
        "arithmetic_mean_rank": 39218.890625,
        "count": 7340.0,
        "geometric_mean_rank": 15002.94921875,
        "harmonic_mean_rank": 95.3886947631836,
        "hits_at_1": 0.005722070844686649,
        "hits_at_10": 0.018392370572207085,
        "hits_at_3": 0.010354223433242507,
        "hits_at_5": 0.014168937329700272,
        "inverse_arithmetic_mean_rank": 2.5497916794847697e-05,
        "inverse_geometric_mean_rank": 6.665356340818107e-05,
        "inverse_harmonic_mean_rank": 0.010483422316610813,
        "inverse_median_rank": 2.91235282929847e-05,
        "median_absolute_deviation": 42429.109375,
        "median_rank": 34336.5,
        "standard_deviation": 31587.23046875,
        "variance": 997753088.0,
        "z_arithmetic_mean_rank": 26.368776802526526,
        "z_geometric_mean_rank": 49.07378291751882,
        "z_hits_at_k": 153.02761245201108,
        "z_inverse_harmonic_mean_rank": 213.77695290512133
      }
    },
    "head": {
      "optimistic": {
        "adjusted_arithmetic_mean_rank": 0.8216845600565431,
        "adjusted_arithmetic_mean_rank_index": 0.1783191798667827,
        "adjusted_geometric_mean_rank_index": 0.5345161768333839,
        "adjusted_hits_at_k": 0.01243049621011869,
        "adjusted_inverse_harmonic_mean_rank": 0.0059665512157508005,
        "arithmetic_mean_rank": 39177.83978201635,
        "count": 3670.0,
        "geometric_mean_rank": 16333.306459638381,
        "harmonic_mean_rank": 164.1474033626229,
        "hits_at_1": 0.0021798365122615805,
        "hits_at_10": 0.012534059945504087,
        "hits_at_3": 0.005722070844686649,
        "hits_at_5": 0.009264305177111716,
        "inverse_arithmetic_mean_rank": 2.5524633455135678e-05,
        "inverse_geometric_mean_rank": 6.122459053046753e-05,
        "inverse_harmonic_mean_rank": 0.006092085403208422,
        "inverse_median_rank": 2.8877113443740165e-05,
        "median_absolute_deviation": 41266.75014988492,
        "median_rank": 34629.5,
        "standard_deviation": 30926.93622726624,
        "variance": 956475384.4053929,
        "z_arithmetic_mean_rank": 18.71055828168555,
        "z_geometric_mean_rank": 32.399760731503385,
        "z_hits_at_k": 73.53239421713863,
        "z_inverse_harmonic_mean_rank": 87.05816997803066
      },
      "pessimistic": {
        "adjusted_arithmetic_mean_rank": 0.8216845886303812,
        "adjusted_arithmetic_mean_rank_index": 0.17831915129234532,
        "adjusted_geometric_mean_rank_index": 0.5345160664708286,
        "adjusted_hits_at_k": 0.01243049621011869,
        "adjusted_inverse_harmonic_mean_rank": 0.005966551100447628,
        "arithmetic_mean_rank": 39177.84114441417,
        "count": 3670.0,
        "geometric_mean_rank": 16333.310331899853,
        "harmonic_mean_rank": 164.14740646900196,
        "hits_at_1": 0.0021798365122615805,
        "hits_at_10": 0.012534059945504087,
        "hits_at_3": 0.005722070844686649,
        "hits_at_5": 0.009264305177111716,
        "inverse_arithmetic_mean_rank": 2.5524632567524113e-05,
        "inverse_geometric_mean_rank": 6.122457601549056e-05,
        "inverse_harmonic_mean_rank": 0.006092085287919811,
        "inverse_median_rank": 2.8877113443740165e-05,
        "median_absolute_deviation": 41266.75014988492,
        "median_rank": 34629.5,
        "standard_deviation": 30926.935831618943,
        "variance": 956475359.9330757,
        "z_arithmetic_mean_rank": 18.71055528344567,
        "z_geometric_mean_rank": 32.399754041864156,
        "z_hits_at_k": 73.53239421713863,
        "z_inverse_harmonic_mean_rank": 87.0581682956378
      },
      "realistic": {
        "adjusted_arithmetic_mean_rank": 0.8216845613512951,
        "adjusted_arithmetic_mean_rank_index": 0.17831917857200352,
        "adjusted_geometric_mean_rank_index": 0.5345160046782369,
        "adjusted_hits_at_k": 0.01243049621011869,
        "adjusted_inverse_harmonic_mean_rank": 0.00596655084987663,
        "arithmetic_mean_rank": 39177.83984375,
        "count": 3670.0,
        "geometric_mean_rank": 16333.3125,
        "harmonic_mean_rank": 164.1474151611328,
        "hits_at_1": 0.0021798365122615805,
        "hits_at_10": 0.012534059945504087,
        "hits_at_3": 0.005722070844686649,