{
  "losses": [
    0.9635333064236219,
    0.3309113102245934,
    0.18945256724387785,
    0.12737176661627203,
    0.09501108696943597,
    0.07583120663332034,
    0.06467633675548094,
    0.05657534553563293,
    0.05339836774841894,
    0.04842208167891714,
    0.04597082672805726,
    0.04560518479328367,
    0.04647834957400455,
    0.04285210939242116,
    0.04552139714360237,
    0.044320088587229765,
    0.04900886979001232,
    0.04719479995060571,
    0.04863419982640049,
    0.04867209819487379,
    0.04632459859116168,
    0.05130348913371563,
    0.05105091256525698,
    0.05259342746266836,
    0.05509804964914352,
    0.05382314649752424,
    0.056839490380091,
    0.05587634175449987,
    0.05768053587290305,
    0.053528380450568624
  ],
  "metrics": {
    "both": {
      "optimistic": {
        "adjusted_arithmetic_mean_rank": 0.45863638932385076,
        "adjusted_arithmetic_mean_rank_index": 0.5413749617095232,
        "adjusted_geometric_mean_rank_index": 0.8905956208354529,
        "adjusted_hits_at_k": 0.03927257775493487,
        "adjusted_inverse_harmonic_mean_rank": 0.019050735676254326,
        "arithmetic_mean_rank": 21874.154495912808,
        "count": 7340.0,
        "geometric_mean_rank": 3840.508681675986,
        "harmonic_mean_rank": 52.152369798061976,
        "hits_at_1": 0.008038147138964578,
        "hits_at_10": 0.039373297002724794,
        "hits_at_3": 0.018256130790190735,
        "hits_at_5": 0.025068119891008173,
        "inverse_arithmetic_mean_rank": 4.571605271357347e-05,
        "inverse_geometric_mean_rank": 0.0002603821740519027,
        "inverse_harmonic_mean_rank": 0.01917458408643898,
        "inverse_median_rank": 0.00011435105774728416,
        "median_absolute_deviation": 12876.400267721152,
        "median_rank": 8745.0,
        "standard_deviation": 26701.187906002655,
        "variance": 712953435.5916624,
        "z_arithmetic_mean_rank": 80.33448683367573,
        "z_geometric_mean_rank": 76.33657443239646,
        "z_hits_at_k": 328.59316745805273,
        "z_inverse_harmonic_mean_rank": 393.1667202673174
      },
      "pessimistic": {
        "adjusted_arithmetic_mean_rank": 0.45863676067479026,
        "adjusted_arithmetic_mean_rank_index": 0.5413745903507974,
        "adjusted_geometric_mean_rank_index": 0.8905954507105347,
        "adjusted_hits_at_k": 0.03927257775493487,
        "adjusted_inverse_harmonic_mean_rank": 0.019050734651306713,
        "arithmetic_mean_rank": 21874.17220708447,
        "count": 7340.0,
        "geometric_mean_rank": 3840.514652150892,
        "harmonic_mean_rank": 52.152372585434094,
        "hits_at_1": 0.008038147138964578,
        "hits_at_10": 0.039373297002724794,
        "hits_at_3": 0.018256130790190735,
        "hits_at_5": 0.025068119891008173,
        "inverse_arithmetic_mean_rank": 4.571601569800782e-05,
        "inverse_geometric_mean_rank": 0.00026038176926104084,
        "inverse_harmonic_mean_rank": 0.01917458306162077,
        "inverse_median_rank": 0.00011435105774728416,
        "median_absolute_deviation": 12876.400267721152,
        "median_rank": 8745.0,
        "standard_deviation": 26701.198287218158,
        "variance": 712953989.973342,
        "z_arithmetic_mean_rank": 80.334431727853,
        "z_geometric_mean_rank": 76.33655985029749,
        "z_hits_at_k": 328.59316745805273,
        "z_inverse_harmonic_mean_rank": 393.1666991145757
      },
      "realistic": {
        "adjusted_arithmetic_mean_rank": 0.45863654895565786,
        "adjusted_arithmetic_mean_rank_index": 0.541374802074369,
        "adjusted_geometric_mean_rank_index": 0.89059554820921,
        "adjusted_hits_at_k": 0.03927257775493487,
        "adjusted_inverse_harmonic_mean_rank": 0.01905073484595518,
        "arithmetic_mean_rank": 21874.162109375,
        "count": 7340.0,
        "geometric_mean_rank": 3840.51123046875,
        "harmonic_mean_rank": 52.15237045288086,
        "hits_at_1": 0.008038147138964578,
        "hits_at_10": 0.039373297002724794,
        "hits_at_3": 0.018256130790190735,
        "hits_at_5": 0.025068119891008173,
        "inverse_arithmetic_mean_rank": 4.5716038584942e-05,
        "inverse_geometric_mean_rank": 0.0002603819884825498,
        "inverse_harmonic_mean_rank": 0.01917458325624466,
        "inverse_median_rank": 0.00011435105989221483,
        "median_absolute_deviation": 12876.400390625,
        "median_rank": 8745.0,
        "standard_deviation": 26701.19140625,
        "variance": 712953664.0,
        "z_arithmetic_mean_rank": 80.33446314545758,
        "z_geometric_mean_rank": 76.33656820730567,
        "z_hits_at_k": 328.59316745805273,
        "z_inverse_harmonic_mean_rank": 393.1667031317065
      }
    },
    "head": {
      "optimistic": {
        "adjusted_arithmetic_mean_rank": 0.4852914267898906,
        "adjusted_arithmetic_mean_rank_index": 0.5147193685209337,
        "adjusted_geometric_mean_rank_index": 0.7802374489432178,
        "adjusted_hits_at_k": 0.009160398515450209,
        "adjusted_inverse_harmonic_mean_rank": 0.003951072418842082,
        "arithmetic_mean_rank": 23138.64795640327,
        "count": 3670.0,
        "geometric_mean_rank": 7711.749876965239,
        "harmonic_mean_rank": 245.28674549565434,
        "hits_at_1": 0.00027247956403269756,
        "hits_at_10": 0.009264305177111716,
        "hits_at_3": 0.004087193460490463,
        "hits_at_5": 0.005994550408719346,
        "inverse_arithmetic_mean_rank": 4.3217736917219706e-05,
        "inverse_geometric_mean_rank": 0.00012967225544839952,
        "inverse_harmonic_mean_rank": 0.004076861136460048,
        "inverse_median_rank": 7.92361633849689e-05,
        "median_absolute_deviation": 17434.660788516627,
        "median_rank": 12620.5,
        "standard_deviation": 25319.258406795227,
        "variance": 641064846.2700708,
        "z_arithmetic_mean_rank": 54.008137266098494,
        "z_geometric_mean_rank": 47.29418445159391,
        "z_hits_at_k": 54.188185526806464,
        "z_inverse_harmonic_mean_rank": 57.65024413551084
      },
      "pessimistic": {
        "adjusted_arithmetic_mean_rank": 0.4852919354042099,
        "adjusted_arithmetic_mean_rank_index": 0.5147188598959469,
        "adjusted_geometric_mean_rank_index": 0.7802370433515702,
        "adjusted_hits_at_k": 0.009160398515450209,
        "adjusted_inverse_harmonic_mean_rank": 0.003951071426422291,
        "arithmetic_mean_rank": 23138.67220708447,
        "count": 3670.0,
        "geometric_mean_rank": 7711.764107850943,
        "harmonic_mean_rank": 245.28680519764805,
        "hits_at_1": 0.00027247956403269756,
        "hits_at_10": 0.009264305177111716,
        "hits_at_3": 0.004087193460490463,
        "hits_at_5": 0.005994550408719346,
        "inverse_arithmetic_mean_rank": 4.3217691622504835e-05,
        "inverse_geometric_mean_rank": 0.00012967201615800882,
        "inverse_harmonic_mean_rank": 0.004076860144165588,
        "inverse_median_rank": 7.92361633849689e-05,
        "median_absolute_deviation": 17434.660788516627,
        "median_rank": 12620.5,
        "standard_deviation": 25319.270287698728,
        "variance": 641065447.9015436,
        "z_arithmetic_mean_rank": 54.008083897428534,
        "z_geometric_mean_rank": 47.29415986660864,
        "z_hits_at_k": 54.188185526806464,
        "z_inverse_harmonic_mean_rank": 57.650229655076885
      },
      "realistic": {
        "adjusted_arithmetic_mean_rank": 0.48529168265968203,
        "adjusted_arithmetic_mean_rank_index": 0.5147191126457757,
        "adjusted_geometric_mean_rank_index": 0.7802372227741173,
        "adjusted_hits_at_k": 0.009160398515450209,
        "adjusted_inverse_harmonic_mean_rank": 0.0039510716617140885,
        "arithmetic_mean_rank": 23138.66015625,
        "count": 3670.0,
        "geometric_mean_rank": 7711.7578125,
        "harmonic_mean_rank": 245.2867889404297,
        "hits_at_1": 0.00027247956403269756,
        "hits_at_10": 0.009264305177111716,